{"cameraMode":{"drawMode":0,"name":"Shaded","section":"Shading Mode"},"sceneLighting":true,"audioPlay":false,"sceneViewState":{"showFog":true,"showMaterialUpdate":true,"showSkybox":true,"showFlares":true,"showImageEffects":true,"showParticleSystems":true},"in2DMode":false,"pivot":{"x":-0.7352085113525391,"y":0.6102698445320129,"z":-0.06470552086830139},"rotation":{"x":-0.1685798019170761,"y":0.7771737575531006,"z":-0.23429863154888154,"w":-0.5591831207275391},"size":0.8584293723106384,"orthographic":false}