{"cameraMode":{"drawMode":0,"name":"Shaded","section":"Shading Mode"},"sceneLighting":true,"audioPlay":false,"sceneViewState":{"showFog":true,"showMaterialUpdate":true,"showSkybox":true,"showFlares":true,"showImageEffects":true,"showParticleSystems":true},"in2DMode":false,"pivot":{"x":0.5173602104187012,"y":-3.783967971801758,"z":-1.8788561820983887},"rotation":{"x":-0.02251778542995453,"y":0.15887928009033204,"z":-0.003624637145549059,"w":-0.987034261226654},"size":5.735241889953613,"orthographic":false}